pickup,delivery,distance,equipment,weight,date,predicted_rate
Lexington,Fort Wayne,360.0,Dry Van,32000.0,2025-12-01,885.1918
Lexington,Fort Wayne,360.0,Dry Van,32000.0,2025-12-02,891.2631
Lexington,Fort Wayne,360.0,Dry Van,32000.0,2025-12-03,895.19794
Lexington,Fort Wayne,360.0,Dry Van,32000.0,2025-12-04,895.19794
Lexington,Fort Wayne,360.0,Dry Van,32000.0,2025-12-05,895.1502
Lexington,Fort Wayne,360.0,Dry Van,32000.0,2025-12-06,893.5255
Lexington,Fort Wayne,360.0,Dry Van,32000.0,2025-12-07,893.5255
Lexington,Fort Wayne,360.0,Dry Van,32000.0,2025-12-08,885.1918
Lexington,Fort Wayne,360.0,Dry Van,32000.0,2025-12-09,891.2631
Lexington,Fort Wayne,360.0,Dry Van,32000.0,2025-12-10,895.19794
Lexington,Fort Wayne,360.0,Dry Van,32000.0,2025-12-11,895.19794
Lexington,Fort Wayne,360.0,Dry Van,32000.0,2025-12-12,895.1502
Lexington,Fort Wayne,360.0,Dry Van,32000.0,2025-12-13,893.5255
Lexington,Fort Wayne,360.0,Dry Van,32000.0,2025-12-14,893.5255
Lexington,Fort Wayne,360.0,Dry Van,32000.0,2025-12-15,885.83466
Lexington,Fort Wayne,360.0,Dry Van,32000.0,2025-12-16,891.906
Lexington,Fort Wayne,360.0,Dry Van,32000.0,2025-12-17,895.8408
Lexington,Fort Wayne,360.0,Dry Van,32000.0,2025-12-18,895.8408
Lexington,Fort Wayne,360.0,Dry Van,32000.0,2025-12-19,895.7931
Lexington,Fort Wayne,360.0,Dry Van,32000.0,2025-12-20,894.1684
Lexington,Fort Wayne,360.0,Dry Van,32000.0,2025-12-21,894.1684
Lexington,Fort Wayne,360.0,Dry Van,32000.0,2025-12-22,885.83466
Lexington,Fort Wayne,360.0,Dry Van,32000.0,2025-12-23,891.906
Lexington,Fort Wayne,360.0,Dry Van,32000.0,2025-12-24,895.8408
Lexington,Fort Wayne,360.0,Dry Van,32000.0,2025-12-25,895.8408
Lexington,Fort Wayne,360.0,Dry Van,32000.0,2025-12-26,895.7931
Lexington,Fort Wayne,360.0,Dry Van,32000.0,2025-12-27,894.1684
Lexington,Fort Wayne,360.0,Dry Van,32000.0,2025-12-28,898.95
Lexington,Fort Wayne,360.0,Dry Van,32000.0,2025-12-29,890.6163
Lexington,Fort Wayne,360.0,Dry Van,32000.0,2025-12-30,897.89606
Lexington,Fort Wayne,360.0,Dry Van,32000.0,2025-12-31,901.8309
